EdgeBetweenness,interaction,name,relationship,selected,shared interaction,shared name,text
64,-,we (-) personal datum relate to you,COLLECT,FALSE,-,we (-) personal datum relate to you,"We collect personal data relating to you (""Personal Data"") as described below:
We collect personal data relating to you (""Personal Data"") as described below:"
96,-,we (-) personal information,COLLECT,FALSE,-,we (-) personal information,"We collect personal data relating to you (""Personal Data"") as described below:
We collect personal data relating to you (""Personal Data"") as described below:
Personal Data You Provide : We collect the following Personal Data when you create an account or communicate with us-
Personal Data You Provide : We collect the following Personal Data when you create an account or communicate with us-
We may use Personal Data for the following purposes:
We may use Personal Data for the following purposes:
: To assist us in meeting business operations needs and to perform certain services and functions, we may disclose Personal Data to vendors and service providers, including providers of hosting services, customer service vendors, cloud services, content delivery services, data warehouse services, support and safety monitoring services, email communication software, web analytics services, payment and transaction providers, and other information technology services providers.
: To assist us in meeting business operations needs and to perform certain services and functions, we may disclose Personal Data to vendors and service providers, including providers of hosting services, customer service vendors, cloud services, content delivery services, data warehouse services, support and safety monitoring services, email communication software, web analytics services, payment and transaction providers, and other information technology services providers.
In certain circumstances we may disclose your Personal Data to: Government Authorities or Other Third Parties : We may share your Personal Data, including information about your interaction with our Services, with government authorities, industry peers, or other third parties in compliance with the law (i) if required to do so by law or in the good faith belief that such action is necessary to comply with a legal obligation, (ii) to protect and defend our rights or property, (iii) if we determine, in our sole discretion, that there is a violation of our terms, policies, or the law; (iv) to detect or prevent fraud or other illegal activity; (v) to protect the safety, security, and integrity of our products, employees, or users, or the public, or (vi) to protect against legal liability.
In certain circumstances we may disclose your Personal Data to: Government Authorities or Other Third Parties : We may share your Personal Data, including information about your interaction with our Services, with government authorities, industry peers, or other third parties in compliance with the law (i) if required to do so by law or in the good faith belief that such action is necessary to comply with a legal obligation, (ii) to protect and defend our rights or property, (iii) if we determine, in our sole discretion, that there is a violation of our terms, policies, or the law; (iv) to detect or prevent fraud or other illegal activity; (v) to protect the safety, security, and integrity of our products, employees, or users, or the public, or (vi) to protect against legal liability.
We may disclose Personal Data to our affiliates, meaning an entity that controls, is controlled by, or is under common control with OpenAI.
We may disclose Personal Data to our affiliates, meaning an entity that controls, is controlled by, or is under common control with OpenAI.
We may disclose Personal Data to our affiliates, meaning an entity that controls, is controlled by, or is under common control with OpenAI.
We'll retain your Personal Data for only as long as we need in order to provide our Service to you, or for other legitimate business purposes such as resolving disputes, safety and security reasons, or complying with our legal obligations.
We'll retain your Personal Data for only as long as we need in order to provide our Service to you, or for other legitimate business purposes such as resolving disputes, safety and security reasons, or complying with our legal obligations.
We will transfer your Personal Data to recipients outside of the EEA, Switzerland and the UK for the purposes described in this Privacy Policy.
We will transfer your Personal Data to recipients outside of the EEA, Switzerland and the UK for the purposes described in this Privacy Policy.
However_,_ we transfer Personal Data pursuant to applicable data protection laws.
However_,_ we transfer Personal Data pursuant to applicable data protection laws."
288,-,we (-) information associate with account,COLLECT,FALSE,-,we (-) information associate with account,"Account Information: When you create an account with us, we collect information associated with your account, including your name, contact information, account credentials, payment card information, and transaction history (collectively, ""Account Information"").
Account Information: When you create an account with us, we collect information associated with your account, including your name, contact information, account credentials, payment card information, and transaction history (collectively, ""Account Information"")."
128,-,we (-) account information,COLLECT,FALSE,-,we (-) account information,"Account Information: When you create an account with us, we collect information associated with your account, including your name, contact information, account credentials, payment card information, and transaction history (collectively, ""Account Information"").
Account Information: When you create an account with us, we collect information associated with your account, including your name, contact information, account credentials, payment card information, and transaction history (collectively, ""Account Information"")."
64,-,we (-) personal data include in input you provide to service,COLLECT,FALSE,-,we (-) personal data include in input you provide to service,"User Content: When you use our Services, we collect Personal Data that is included in the input, file uploads, or feedback that you provide to our Services (""Content"").
User Content: When you use our Services, we collect Personal Data that is included in the input, file uploads, or feedback that you provide to our Services (""Content"")."
64,-,we (-) person name,COLLECT,FALSE,-,we (-) person name,"Communication Information : If you communicate with us, we collect your name, contact information, and the contents of any messages you send (collectively, ""Communication Information"").
Communication Information : If you communicate with us, we collect your name, contact information, and the contents of any messages you send (collectively, ""Communication Information"")."
224,-,we (-) communication information,COLLECT,FALSE,-,we (-) communication information,"Communication Information : If you communicate with us, we collect your name, contact information, and the contents of any messages you send (collectively, ""Communication Information"").
Communication Information : If you communicate with us, we collect your name, contact information, and the contents of any messages you send (collectively, ""Communication Information"")."
96,-,we (-) personal data you choose,COLLECT,FALSE,-,we (-) personal data you choose,"When you interact with our social media pages, we collect Personal Data that you choose to provide to us, such as your contact details (collectively, ""Social Media Information"").
When you interact with our social media pages, we collect Personal Data that you choose to provide to us, such as your contact details (collectively, ""Social Media Information"")."
64,-,we (-) aggregate / deidentified / pseudonymized information,COLLECT,FALSE,-,we (-) aggregate / deidentified / pseudonymized information,"In addition, the companies that host our social media pages may provide us with aggregate information and analytics about our social media activity.
In addition, the companies that host our social media pages may provide us with aggregate information and analytics about our social media activity.
In addition, from time to time, we may share or publish aggregated information like general user statistics with third parties.
In addition, from time to time, we may share or publish aggregated information like general user statistics with third parties.
We collect this information through the Services, through cookies, and through other means described in this Privacy Policy.
We will maintain and use de-identified information in anonymous or de-identified form and we will not attempt to re-identify the information, unless required by law.
We will maintain and use de-identified information in anonymous or de-identified form and we will not attempt to re-identify the information, unless required by law."
64,-,we (-) information you provide to we,COLLECT,FALSE,-,we (-) information you provide to we,"2. Personal Data we collect

Other Information You Provide : We collect other information that you may provide to us, such as when you participate in our events or surveys or provide us with information to establish your age or identity (collectively, ""Other Information You Provide"").
2. Personal Data we collect

Other Information You Provide : We collect other information that you may provide to us, such as when you participate in our events or surveys or provide us with information to establish your age or identity (collectively, ""Other Information You Provide"")."
64,-,we (-) information you provide,COLLECT,FALSE,-,we (-) information you provide,"2. Personal Data we collect

Other Information You Provide : We collect other information that you may provide to us, such as when you participate in our events or surveys or provide us with information to establish your age or identity (collectively, ""Other Information You Provide"").
2. Personal Data we collect

Other Information You Provide : We collect other information that you may provide to us, such as when you participate in our events or surveys or provide us with information to establish your age or identity (collectively, ""Other Information You Provide"")."
64,-,we (-) technical information,COLLECT,FALSE,-,we (-) technical information,"2. Personal Data we collect

Personal Data We Receive Automatically From Your Use of the Services : When you visit, use, or interact with the Services, we receive the following information (""Technical Information""):
2. Personal Data we collect

Personal Data We Receive Automatically From Your Use of the Services : When you visit, use, or interact with the Services, we receive the following information (""Technical Information""):"
256,-,we (-) device information,COLLECT,FALSE,-,we (-) device information,"2. Personal Data we collect

Personal Data We Receive Automatically From Your Use of the Services : When you visit, use, or interact with the Services, we receive the following information (""Technical Information""): Device Information : Includes name of the device, operating system, device identifiers, and browser you are using."
64,-,we (-) cookie / pixel tag,COLLECT,FALSE,-,we (-) cookie / pixel tag,"2. Personal Data we collect

Personal Data We Receive Automatically From Your Use of the Services : When you visit, use, or interact with the Services, we receive the following information (""Technical Information""):
When you visit, use, or interact with the Services, we receive the following information (""Technical Information""): Cookies and Similar Technologies : We use cookies and similar technologies to operate and administer our Services, and improve your experience.
When you visit, use, or interact with the Services, we receive the following information (""Technical Information""): Cookies and Similar Technologies : We use cookies and similar technologies to operate and administer our Services, and improve your experience.
When you visit, use, or interact with the Services, we receive the following information (""Technical Information""): Cookies and Similar Technologies : We use cookies and similar technologies to operate and administer our Services, and improve your experience."
384,-,we (-) log datum,COLLECT,FALSE,-,we (-) log datum,"2. Personal Data we collect

Personal Data We Receive Automatically From Your Use of the Services : When you visit, use, or interact with the Services, we receive the following information (""Technical Information""): Log Data : Information that your browser or device automatically sends when you use our Services."
64,-,we (-) internet activity,COLLECT,FALSE,-,we (-) internet activity,"2. Personal Data we collect

Personal Data We Receive Automatically From Your Use of the Services : When you visit, use, or interact with the Services, we receive the following information (""Technical Information""):
: When you visit, use, or interact with the Services, we receive the following information (""Technical Information""): Usage Data : We may automatically collect information about your use of the Services, such as the types of content that you view or engage with, the features you use and the actions you take, as well as your time zone, country, the dates and times of access, user agent and version, type of computer or mobile device, and your computer connection."
384,-,we (-) information about use of services,COLLECT,FALSE,-,we (-) information about use of services,": When you visit, use, or interact with the Services, we receive the following information (""Technical Information""): Usage Data : We may automatically collect information about your use of the Services, such as the types of content that you view or engage with, the features you use and the actions you take, as well as your time zone, country, the dates and times of access, user agent and version, type of computer or mobile device, and your computer connection.
: When you visit, use, or interact with the Services, we receive the following information (""Technical Information""): Usage Data : We may automatically collect information about your use of the Services, such as the types of content that you view or engage with, the features you use and the actions you take, as well as your time zone, country, the dates and times of access, user agent and version, type of computer or mobile device, and your computer connection."
64,-,we (-) UNSPECIFIED_DATA,COLLECT,FALSE,-,we (-) UNSPECIFIED_DATA,"We collect information from other sources, like information that is publicly available on the internet, in particular to develop the models that power our Services.
We collect information from other sources, like information that is publicly available on the internet, in particular to develop the models that power our Services.
We also receive information from our trusted partners, such as security partners to protect against fraud, abuse, and other security threats to our Services or marketing vendors who provide us with information about potential customers of our business services.
We also receive information from our trusted partners, such as security partners to protect against fraud, abuse, and other security threats to our Services or marketing vendors who provide us with information about potential customers of our business services."
64,-,we (-) personal data we share,COLLECT,FALSE,-,we (-) personal data we share,"Our affiliates may use the Personal Data we share in a manner consistent with this Privacy Policy.
Our affiliates may use the Personal Data we share in a manner consistent with this Privacy Policy."
34,-,social media (-) aggregate / deidentified / pseudonymized information,COLLECT,FALSE,-,social media (-) aggregate / deidentified / pseudonymized information,"In addition, the companies that host our social media pages may provide us with aggregate information and analytics about our social media activity.
In addition, the companies that host our social media pages may provide us with aggregate information and analytics about our social media activity."
6,-,service provider (-) personal information,COLLECT,FALSE,-,service provider (-) personal information,"In certain circumstances we may disclose your Personal Data to: Vendors and Service Providers
: To assist us in meeting business operations needs and to perform certain services and functions, we may disclose Personal Data to vendors and service providers, including providers of hosting services, customer service vendors, cloud services, content delivery services, data warehouse services, support and safety monitoring services, email communication software, web analytics services, payment and transaction providers, and other information technology services providers.
: To assist us in meeting business operations needs and to perform certain services and functions, we may disclose Personal Data to vendors and service providers, including providers of hosting services, customer service vendors, cloud services, content delivery services, data warehouse services, support and safety monitoring services, email communication software, web analytics services, payment and transaction providers, and other information technology services providers.
By using our Services, you understand and acknowledge that your Personal Data will be processed and stored in our facilities and servers in the United States and may be disclosed to our service providers and affiliates in other jurisdictions.
By using our Services, you understand and acknowledge that your Personal Data will be processed and stored in our facilities and servers in the United States and may be disclosed to our service providers and affiliates in other jurisdictions."
93,-,UNSPECIFIED_ACTOR (-) personal information,COLLECT,FALSE,-,UNSPECIFIED_ACTOR (-) personal information,"In certain circumstances we may disclose your Personal Data to: Vendors and Service Providers
: To assist us in meeting business operations needs and to perform certain services and functions, we may disclose Personal Data to vendors and service providers, including providers of hosting services, customer service vendors, cloud services, content delivery services, data warehouse services, support and safety monitoring services, email communication software, web analytics services, payment and transaction providers, and other information technology services providers.
: To assist us in meeting business operations needs and to perform certain services and functions, we may disclose Personal Data to vendors and service providers, including providers of hosting services, customer service vendors, cloud services, content delivery services, data warehouse services, support and safety monitoring services, email communication software, web analytics services, payment and transaction providers, and other information technology services providers.
Pursuant to our instructions, these parties will access, process, or store Personal Data only in the course of performing their duties to us.
Pursuant to our instructions, these parties will access, process, or store Personal Data only in the course of performing their duties to us.
: If we are involved in strategic transactions, reorganization, bankruptcy, receivership, or transition of service to another provider (collectively, a ""Transaction""), your Personal Data and other information may be disclosed in the diligence process with counterparties and others assisting with the Transaction and transferred to a successor or affiliate as part of that Transaction along with other assets.
: If we are involved in strategic transactions, reorganization, bankruptcy, receivership, or transition of service to another provider (collectively, a ""Transaction""), your Personal Data and other information may be disclosed in the diligence process with counterparties and others assisting with the Transaction and transferred to a successor or affiliate as part of that Transaction along with other assets.
In certain circumstances we may disclose your Personal Data to: Government Authorities or Other Third Parties : We may share your Personal Data, including information about your interaction with our Services, with government authorities, industry peers, or other third parties in compliance with the law (i) if required to do so by law or in the good faith belief that such action is necessary to comply with a legal obligation, (ii) to protect and defend our rights or property, (iii) if we determine, in our sole discretion, that there is a violation of our terms, policies, or the law; (iv) to detect or prevent fraud or other illegal activity; (v) to protect the safety, security, and integrity of our products, employees, or users, or the public, or (vi) to protect against legal liability.
In certain circumstances we may disclose your Personal Data to: Affiliates
You have the following statutory rights in relation to your Personal Data: Transfer your Personal Data to a third party (right to data portability).
You have the following statutory rights in relation to your Personal Data: Transfer your Personal Data to a third party (right to data portability).
By using our Services, you understand and acknowledge that your Personal Data will be processed and stored in our facilities and servers in the United States and may be disclosed to our service providers and affiliates in other jurisdictions.
By using our Services, you understand and acknowledge that your Personal Data will be processed and stored in our facilities and servers in the United States and may be disclosed to our service providers and affiliates in other jurisdictions."
31,-,UNSPECIFIED_ACTOR (-) UNSPECIFIED_DATA,COLLECT,FALSE,-,UNSPECIFIED_ACTOR (-) UNSPECIFIED_DATA,": If we are involved in strategic transactions, reorganization, bankruptcy, receivership, or transition of service to another provider (collectively, a ""Transaction""), your Personal Data and other information may be disclosed in the diligence process with counterparties and others assisting with the Transaction and transferred to a successor or affiliate as part of that Transaction along with other assets.
: If we are involved in strategic transactions, reorganization, bankruptcy, receivership, or transition of service to another provider (collectively, a ""Transaction""), your Personal Data and other information may be disclosed in the diligence process with counterparties and others assisting with the Transaction and transferred to a successor or affiliate as part of that Transaction along with other assets."
87,-,counterpartie (-) personal information,COLLECT,FALSE,-,counterpartie (-) personal information,": If we are involved in strategic transactions, reorganization, bankruptcy, receivership, or transition of service to another provider (collectively, a ""Transaction""), your Personal Data and other information may be disclosed in the diligence process with counterparties and others assisting with the Transaction and transferred to a successor or affiliate as part of that Transaction along with other assets.
: If we are involved in strategic transactions, reorganization, bankruptcy, receivership, or transition of service to another provider (collectively, a ""Transaction""), your Personal Data and other information may be disclosed in the diligence process with counterparties and others assisting with the Transaction and transferred to a successor or affiliate as part of that Transaction along with other assets."
29,-,counterpartie (-) UNSPECIFIED_DATA,COLLECT,FALSE,-,counterpartie (-) UNSPECIFIED_DATA,": If we are involved in strategic transactions, reorganization, bankruptcy, receivership, or transition of service to another provider (collectively, a ""Transaction""), your Personal Data and other information may be disclosed in the diligence process with counterparties and others assisting with the Transaction and transferred to a successor or affiliate as part of that Transaction along with other assets.
: If we are involved in strategic transactions, reorganization, bankruptcy, receivership, or transition of service to another provider (collectively, a ""Transaction""), your Personal Data and other information may be disclosed in the diligence process with counterparties and others assisting with the Transaction and transferred to a successor or affiliate as part of that Transaction along with other assets."
81,-,other (-) personal information,COLLECT,FALSE,-,other (-) personal information,": If we are involved in strategic transactions, reorganization, bankruptcy, receivership, or transition of service to another provider (collectively, a ""Transaction""), your Personal Data and other information may be disclosed in the diligence process with counterparties and others assisting with the Transaction and transferred to a successor or affiliate as part of that Transaction along with other assets.
: If we are involved in strategic transactions, reorganization, bankruptcy, receivership, or transition of service to another provider (collectively, a ""Transaction""), your Personal Data and other information may be disclosed in the diligence process with counterparties and others assisting with the Transaction and transferred to a successor or affiliate as part of that Transaction along with other assets."
27,-,other (-) UNSPECIFIED_DATA,COLLECT,FALSE,-,other (-) UNSPECIFIED_DATA,": If we are involved in strategic transactions, reorganization, bankruptcy, receivership, or transition of service to another provider (collectively, a ""Transaction""), your Personal Data and other information may be disclosed in the diligence process with counterparties and others assisting with the Transaction and transferred to a successor or affiliate as part of that Transaction along with other assets.
: If we are involved in strategic transactions, reorganization, bankruptcy, receivership, or transition of service to another provider (collectively, a ""Transaction""), your Personal Data and other information may be disclosed in the diligence process with counterparties and others assisting with the Transaction and transferred to a successor or affiliate as part of that Transaction along with other assets."
75,-,successor (-) personal information,COLLECT,FALSE,-,successor (-) personal information,": If we are involved in strategic transactions, reorganization, bankruptcy, receivership, or transition of service to another provider (collectively, a ""Transaction""), your Personal Data and other information may be disclosed in the diligence process with counterparties and others assisting with the Transaction and transferred to a successor or affiliate as part of that Transaction along with other assets.
: If we are involved in strategic transactions, reorganization, bankruptcy, receivership, or transition of service to another provider (collectively, a ""Transaction""), your Personal Data and other information may be disclosed in the diligence process with counterparties and others assisting with the Transaction and transferred to a successor or affiliate as part of that Transaction along with other assets."
25,-,successor (-) UNSPECIFIED_DATA,COLLECT,FALSE,-,successor (-) UNSPECIFIED_DATA,": If we are involved in strategic transactions, reorganization, bankruptcy, receivership, or transition of service to another provider (collectively, a ""Transaction""), your Personal Data and other information may be disclosed in the diligence process with counterparties and others assisting with the Transaction and transferred to a successor or affiliate as part of that Transaction along with other assets.
: If we are involved in strategic transactions, reorganization, bankruptcy, receivership, or transition of service to another provider (collectively, a ""Transaction""), your Personal Data and other information may be disclosed in the diligence process with counterparties and others assisting with the Transaction and transferred to a successor or affiliate as part of that Transaction along with other assets."
69,-,business transfer (-) personal information,COLLECT,FALSE,-,business transfer (-) personal information,In certain circumstances we may disclose your Personal Data to: Business Transfers
63,-,government authority (-) personal information,COLLECT,FALSE,-,government authority (-) personal information,"In certain circumstances we may disclose your Personal Data to: Government Authorities or Other Third Parties : We may share your Personal Data, including information about your interaction with our Services, with government authorities, industry peers, or other third parties in compliance with the law (i) if required to do so by law or in the good faith belief that such action is necessary to comply with a legal obligation, (ii) to protect and defend our rights or property, (iii) if we determine, in our sole discretion, that there is a violation of our terms, policies, or the law; (iv) to detect or prevent fraud or other illegal activity; (v) to protect the safety, security, and integrity of our products, employees, or users, or the public, or (vi) to protect against legal liability."
1,-,administrator of account (-) openai account,COLLECT,FALSE,-,administrator of account (-) openai account,"When you join a ChatGPT Enterprise or business account, the administrator of that account may access and control your OpenAI account.
When you join a ChatGPT Enterprise or business account, the administrator of that account may access and control your OpenAI account."
45,-,business account administrator (-) personal information,COLLECT,FALSE,-,business account administrator (-) personal information,In certain circumstances we may disclose your Personal Data to: Business Account Administrators
